{"cameraMode":{"drawMode":0,"name":"Shaded","section":"Shading Mode"},"sceneLighting":false,"audioPlay":false,"sceneViewState":{"showFog":true,"showMaterialUpdate":false,"showSkybox":true,"showFlares":true,"showImageEffects":true,"showParticleSystems":true},"in2DMode":false,"pivot":{"x":-0.42535400390625,"y":0.691162109375,"z":2.49462890625},"rotation":{"x":-0.0023036638740450145,"y":-0.9976608753204346,"z":0.04792947322130203,"w":-0.05032730475068092},"size":2.8814847469329836,"orthographic":true}