{"cameraMode":{"drawMode":0,"name":"Shaded","section":"Shading Mode"},"sceneLighting":false,"audioPlay":false,"sceneViewState":{"showFog":true,"showMaterialUpdate":false,"showSkybox":true,"showFlares":true,"showImageEffects":true,"showParticleSystems":true},"in2DMode":false,"pivot":{"x":2.0835494995117189,"y":0.5,"z":-1.1914691925048829},"rotation":{"x":-0.23755459487438203,"y":0.7390170693397522,"z":-0.32499340176582339,"w":-0.5401860475540161},"size":114.31536102294922,"orthographic":false}