{"cameraMode":{"drawMode":0,"name":"Shaded","section":"Shading Mode"},"sceneLighting":false,"audioPlay":false,"sceneViewState":{"showFog":true,"showMaterialUpdate":false,"showSkybox":true,"showFlares":true,"showImageEffects":true,"showParticleSystems":true},"in2DMode":false,"pivot":{"x":0.672978401184082,"y":3.4414658546447756,"z":0.5767123699188232},"rotation":{"x":-0.31118395924568179,"y":-0.09246478229761124,"z":0.030436955392360688,"w":-0.9453510046005249},"size":14.00056266784668,"orthographic":false}