{"cameraMode":{"drawMode":0,"name":"Shaded","section":"Shading Mode"},"sceneLighting":false,"audioPlay":false,"sceneViewState":{"showFog":true,"showMaterialUpdate":false,"showSkybox":true,"showFlares":true,"showImageEffects":true,"showParticleSystems":true},"in2DMode":false,"pivot":{"x":0.015185296535491944,"y":-0.6478581428527832,"z":0.865302324295044},"rotation":{"x":0.4474939703941345,"y":0.08961036056280136,"z":-0.045125171542167667,"w":0.8886410593986511},"size":5.1116132736206059,"orthographic":false}