{"cameraMode":{"drawMode":0,"name":"Shaded","section":"Shading Mode"},"sceneLighting":false,"audioPlay":false,"sceneViewState":{"showFog":true,"showMaterialUpdate":false,"showSkybox":true,"showFlares":true,"showImageEffects":true,"showParticleSystems":true},"in2DMode":false,"pivot":{"x":2.0835492610931398,"y":1.378265380859375,"z":-1.1914684772491456},"rotation":{"x":0.275394469499588,"y":0.0000010532411351960037,"z":0.0000016472233710373985,"w":0.961331307888031},"size":0.5715768337249756,"orthographic":true}