{"cameraMode":{"drawMode":0,"name":"Shaded","section":"Shading Mode"},"sceneLighting":false,"audioPlay":false,"sceneViewState":{"showFog":true,"showMaterialUpdate":false,"showSkybox":true,"showFlares":true,"showImageEffects":true,"showParticleSystems":true},"in2DMode":false,"pivot":{"x":0.13562238216400147,"y":1.2504364252090455,"z":-9.860007286071778},"rotation":{"x":0.21690090000629426,"y":0.05560846999287605,"z":-0.012376665137708187,"w":0.9745299816131592},"size":9.58984088897705,"orthographic":true}