{"cameraMode":{"drawMode":0,"name":"Shaded","section":"Shading Mode"},"sceneLighting":false,"audioPlay":false,"sceneViewState":{"showFog":true,"showMaterialUpdate":false,"showSkybox":true,"showFlares":true,"showImageEffects":true,"showParticleSystems":true},"in2DMode":false,"pivot":{"x":-9.685754776000977e-8,"y":-1.1175870895385743e-8,"z":-4.470348358154297e-8},"rotation":{"x":0.29695117473602297,"y":-0.004296774975955486,"z":0.0013362218160182238,"w":0.9548820853233337},"size":0.6878306865692139,"orthographic":false}