{"cameraMode":{"drawMode":0,"name":"Shaded","section":"Shading Mode"},"sceneLighting":false,"audioPlay":false,"sceneViewState":{"showFog":true,"showMaterialUpdate":false,"showSkybox":true,"showFlares":true,"showImageEffects":true,"showParticleSystems":true},"in2DMode":false,"pivot":{"x":-0.05548723042011261,"y":0.8956451416015625,"z":0.05250430107116699},"rotation":{"x":0.03498416393995285,"y":-0.9648316502571106,"z":0.19357436895370484,"w":0.17437034845352174},"size":4.2013726234436039,"orthographic":false}