{"cameraMode":{"drawMode":0,"name":"Shaded","section":"Shading Mode"},"sceneLighting":false,"audioPlay":false,"sceneViewState":{"showFog":true,"showMaterialUpdate":false,"showSkybox":true,"showFlares":true,"showImageEffects":true,"showParticleSystems":true},"in2DMode":false,"pivot":{"x":2.0835494995117189,"y":0.5,"z":-1.1914687156677247},"rotation":{"x":-0.40181994438171389,"y":0.04363953694701195,"z":-0.019174834713339807,"w":-0.9144772887229919},"size":85.73651885986328,"orthographic":false}