{"cameraMode":{"drawMode":0,"name":"Shaded","section":"Shading Mode"},"sceneLighting":false,"audioPlay":false,"sceneViewState":{"showFog":true,"showMaterialUpdate":false,"showSkybox":true,"showFlares":true,"showImageEffects":true,"showParticleSystems":true},"in2DMode":false,"pivot":{"x":-4.76837158203125e-7,"y":0.05698077753186226,"z":4.76837158203125e-7},"rotation":{"x":0.002999358344823122,"y":0.019498851150274278,"z":-0.00005750456693931483,"w":0.9998053908348084},"size":16.12785530090332,"orthographic":true}