{"cameraMode":{"drawMode":0,"name":"Shaded","section":"Shading Mode"},"sceneLighting":false,"audioPlay":false,"sceneViewState":{"showFog":true,"showMaterialUpdate":false,"showSkybox":true,"showFlares":true,"showImageEffects":true,"showParticleSystems":true},"in2DMode":false,"pivot":{"x":163.39999389648438,"y":0.5,"z":-28.700000762939454},"rotation":{"x":-0.40181994438171389,"y":0.04363953694701195,"z":-0.019174834713339807,"w":-0.9144772887229919},"size":142.89419555664063,"orthographic":false}