{"cameraMode":{"drawMode":0,"name":"Shaded","section":"Shading Mode"},"sceneLighting":false,"audioPlay":false,"sceneViewState":{"showFog":true,"showMaterialUpdate":false,"showSkybox":true,"showFlares":true,"showImageEffects":true,"showParticleSystems":true},"in2DMode":false,"pivot":{"x":264.7950134277344,"y":0.18000000715255738,"z":178.6999969482422},"rotation":{"x":0.30799001455307009,"y":0.048493675887584689,"z":-0.015721039846539499,"w":0.9500228762626648},"size":1.1209157705307007,"orthographic":false}