{"cameraMode":{"drawMode":0,"name":"Shaded","section":"Shading Mode"},"sceneLighting":false,"audioPlay":false,"sceneViewState":{"showFog":true,"showMaterialUpdate":false,"showSkybox":true,"showFlares":true,"showImageEffects":true,"showParticleSystems":true},"in2DMode":false,"pivot":{"x":5.960464477539063e-8,"y":0.6803195476531982,"z":0.04315000772476196},"rotation":{"x":0.29695117473602297,"y":-0.004296774975955486,"z":0.0013362218160182238,"w":0.9548820853233337},"size":4.099453449249268,"orthographic":false}