{"cameraMode":{"drawMode":0,"name":"Shaded","section":"Shading Mode"},"sceneLighting":false,"audioPlay":false,"sceneViewState":{"showFog":true,"showMaterialUpdate":false,"showSkybox":true,"showFlares":true,"showImageEffects":true,"showParticleSystems":true},"in2DMode":false,"pivot":{"x":50.29811096191406,"y":0.12604713439941407,"z":22.40981674194336},"rotation":{"x":-0.20169846713542939,"y":-0.7008255124092102,"z":0.2179439216852188,"w":-0.6485844850540161},"size":110.40449523925781,"orthographic":false}