{"cameraMode":{"drawMode":0,"name":"Shaded","section":"Shading Mode"},"sceneLighting":false,"audioPlay":false,"sceneViewState":{"showFog":true,"showMaterialUpdate":false,"showSkybox":true,"showFlares":true,"showImageEffects":true,"showParticleSystems":true},"in2DMode":false,"pivot":{"x":-0.0000011324882507324219,"y":0.34715086221694949,"z":0.0},"rotation":{"x":0.06321623921394348,"y":-0.7568349242210388,"z":0.07402723282575607,"w":0.6463161110877991},"size":2.959289073944092,"orthographic":false}