{"cameraMode":{"drawMode":0,"name":"Shaded","section":"Shading Mode"},"sceneLighting":false,"audioPlay":false,"sceneViewState":{"showFog":true,"showMaterialUpdate":false,"showSkybox":true,"showFlares":true,"showImageEffects":true,"showParticleSystems":true},"in2DMode":false,"pivot":{"x":-0.4720144271850586,"y":1.31697416305542,"z":-2.9109182357788088},"rotation":{"x":-0.19705496728420258,"y":0.6681209206581116,"z":-0.19031484425067902,"w":-0.6917832493782044},"size":6.054263591766357,"orthographic":false}