{"cameraMode":{"drawMode":0,"name":"Shaded","section":"Shading Mode"},"sceneLighting":false,"audioPlay":false,"sceneViewState":{"showFog":true,"showMaterialUpdate":false,"showSkybox":true,"showFlares":true,"showImageEffects":true,"showParticleSystems":true},"in2DMode":false,"pivot":{"x":23.549999237060548,"y":1.3000000715255738,"z":0.0},"rotation":{"x":-0.4958312213420868,"y":0.023441683501005174,"z":-0.013390706852078438,"w":-0.8679991960525513},"size":4.590442180633545,"orthographic":false}