{"cameraMode":{"drawMode":0,"name":"Shaded","section":"Shading Mode"},"sceneLighting":false,"audioPlay":false,"sceneViewState":{"showFog":true,"showMaterialUpdate":false,"showSkybox":true,"showFlares":true,"showImageEffects":true,"showParticleSystems":true},"in2DMode":false,"pivot":{"x":-19.520000457763673,"y":0.0,"z":18.044998168945314},"rotation":{"x":0.25701844692230227,"y":-0.27501678466796877,"z":0.07655778527259827,"w":0.9232801795005798},"size":0.36793604493141177,"orthographic":false}