{"cameraMode":{"drawMode":0,"name":"Shaded","section":"Shading Mode"},"sceneLighting":false,"audioPlay":false,"sceneViewState":{"showFog":true,"showMaterialUpdate":false,"showSkybox":true,"showFlares":true,"showImageEffects":true,"showParticleSystems":true},"in2DMode":false,"pivot":{"x":-0.09000001847743988,"y":0.6000000238418579,"z":-0.06000000238418579},"rotation":{"x":-0.21053743362426759,"y":0.7801206111907959,"z":-0.34278255701065066,"w":-0.47915127873420718},"size":3.152320623397827,"orthographic":false}