{"cameraMode":{"drawMode":0,"name":"Shaded","section":"Shading Mode"},"sceneLighting":false,"audioPlay":false,"sceneViewState":{"showFog":true,"showMaterialUpdate":false,"showSkybox":true,"showFlares":true,"showImageEffects":true,"showParticleSystems":true},"in2DMode":false,"pivot":{"x":159.20095825195313,"y":5.697294235229492,"z":197.23007202148438},"rotation":{"x":-0.1330828219652176,"y":-0.017839889973402025,"z":0.0023961348924785854,"w":-0.9909414649009705},"size":4.914241790771484,"orthographic":false}