{"cameraMode":{"drawMode":0,"name":"Shaded","section":"Shading Mode"},"sceneLighting":false,"audioPlay":false,"sceneViewState":{"showFog":true,"showMaterialUpdate":false,"showSkybox":true,"showFlares":true,"showImageEffects":true,"showParticleSystems":true},"in2DMode":false,"pivot":{"x":-23.825408935546876,"y":2.4173195362091066,"z":5.1058430671691898},"rotation":{"x":0.06506096571683884,"y":0.7210544347763062,"z":-0.06834374368190766,"w":0.6864231824874878},"size":3.6817386150360109,"orthographic":false}