{"cameraMode":{"drawMode":0,"name":"Shaded","section":"Shading Mode"},"sceneLighting":false,"audioPlay":false,"sceneViewState":{"showFog":true,"showMaterialUpdate":false,"showSkybox":true,"showFlares":true,"showImageEffects":true,"showParticleSystems":true},"in2DMode":false,"pivot":{"x":153.8000030517578,"y":5.0,"z":-34.29999923706055},"rotation":{"x":-0.021848564967513086,"y":0.9583762884140015,"z":-0.07635267078876496,"w":-0.27424049377441409},"size":1.9100151062011719,"orthographic":false}