{"cameraMode":{"drawMode":0,"name":"Shaded","section":"Shading Mode"},"sceneLighting":false,"audioPlay":false,"sceneViewState":{"showFog":true,"showMaterialUpdate":false,"showSkybox":true,"showFlares":true,"showImageEffects":true,"showParticleSystems":true},"in2DMode":false,"pivot":{"x":605.205078125,"y":287.84222412109377,"z":8.75982666015625},"rotation":{"x":-0.091371551156044,"y":0.0023970571346580984,"z":-0.0002216103603132069,"w":-0.9958140254020691},"size":675.8631591796875,"orthographic":false}