{"cameraMode":{"drawMode":0,"name":"Shaded","section":"Shading Mode"},"sceneLighting":false,"audioPlay":false,"sceneViewState":{"showFog":true,"showMaterialUpdate":false,"showSkybox":true,"showFlares":true,"showImageEffects":true,"showParticleSystems":true},"in2DMode":false,"pivot":{"x":722.2153930664063,"y":-68.82258605957031,"z":-48.317771911621097},"rotation":{"x":0.03657912835478783,"y":0.7160199284553528,"z":-0.03762563690543175,"w":0.6961047649383545},"size":873.1090087890625,"orthographic":false}