{"cameraMode":{"drawMode":0,"name":"Shaded","section":"Shading Mode"},"sceneLighting":false,"audioPlay":false,"sceneViewState":{"showFog":true,"showMaterialUpdate":false,"showSkybox":true,"showFlares":true,"showImageEffects":true,"showParticleSystems":true},"in2DMode":false,"pivot":{"x":1.1634410619735718,"y":-1.1310102939605713,"z":0.1236053854227066},"rotation":{"x":0.3052186071872711,"y":0.16319997608661652,"z":-0.053178656846284869,"w":0.93668532371521},"size":0.560462474822998,"orthographic":false}