{"cameraMode":{"drawMode":0,"name":"Shaded","section":"Shading Mode"},"sceneLighting":false,"audioPlay":false,"sceneViewState":{"showFog":true,"showMaterialUpdate":false,"showSkybox":true,"showFlares":true,"showImageEffects":true,"showParticleSystems":true},"in2DMode":false,"pivot":{"x":0.0,"y":2.2667770385742189,"z":2.384185791015625e-7},"rotation":{"x":0.15065087378025056,"y":0.7190030813217163,"z":-0.16456210613250733,"w":0.6582235097885132},"size":13.123059272766114,"orthographic":true}