{"cameraMode":{"drawMode":0,"name":"Shaded","section":"Shading Mode"},"sceneLighting":false,"audioPlay":false,"sceneViewState":{"showFog":true,"showMaterialUpdate":false,"showSkybox":true,"showFlares":true,"showImageEffects":true,"showParticleSystems":true},"in2DMode":false,"pivot":{"x":2.0835494995117189,"y":0.5,"z":-1.1914687156677247},"rotation":{"x":0.0016474343137815595,"y":0.9972429871559143,"z":-0.07042396813631058,"w":0.023328669369220735},"size":15.605962753295899,"orthographic":false}