{"cameraMode":{"drawMode":0,"name":"Shaded","section":"Shading Mode"},"sceneLighting":false,"audioPlay":false,"sceneViewState":{"showFog":true,"showMaterialUpdate":false,"showSkybox":true,"showFlares":true,"showImageEffects":true,"showParticleSystems":true},"in2DMode":false,"pivot":{"x":-0.43213754892349245,"y":-0.005828976631164551,"z":-0.951737642288208},"rotation":{"x":0.03498416393995285,"y":-0.9648316502571106,"z":0.19357436895370484,"w":0.17437034845352174},"size":4.2952375411987309,"orthographic":false}