{"cameraMode":{"drawMode":0,"name":"Shaded","section":"Shading Mode"},"sceneLighting":false,"audioPlay":false,"sceneViewState":{"showFog":true,"showMaterialUpdate":false,"showSkybox":true,"showFlares":true,"showImageEffects":true,"showParticleSystems":true},"in2DMode":false,"pivot":{"x":19.998905181884767,"y":-2.5105140209198,"z":-1.9470895528793336},"rotation":{"x":-0.1330828219652176,"y":-0.017839889973402025,"z":0.0023961348924785854,"w":-0.9909414649009705},"size":7.946582794189453,"orthographic":false}