{"cameraMode":{"drawMode":0,"name":"Shaded","section":"Shading Mode"},"sceneLighting":false,"audioPlay":false,"sceneViewState":{"showFog":true,"showMaterialUpdate":false,"showSkybox":true,"showFlares":true,"showImageEffects":true,"showParticleSystems":true},"in2DMode":false,"pivot":{"x":0.17131030559539796,"y":0.4708923101425171,"z":-1.1920928955078126e-7},"rotation":{"x":0.2620505690574646,"y":0.04919170215725899,"z":-0.013376183807849884,"w":0.9637067914009094},"size":4.776683807373047,"orthographic":false}