{"cameraMode":{"drawMode":0,"name":"Shaded","section":"Shading Mode"},"sceneLighting":false,"audioPlay":false,"sceneViewState":{"showFog":true,"showMaterialUpdate":false,"showSkybox":true,"showFlares":true,"showImageEffects":true,"showParticleSystems":true},"in2DMode":false,"pivot":{"x":-2.7551000118255617,"y":-1.3671000003814698,"z":2.4987499713897707},"rotation":{"x":-0.42955073714256289,"y":0.0040636565536260609,"z":-0.0019329722272232175,"w":-0.9030315279960632},"size":4.878101348876953,"orthographic":false}