{"cameraMode":{"drawMode":0,"name":"Shaded","section":"Shading Mode"},"sceneLighting":false,"audioPlay":false,"sceneViewState":{"showFog":true,"showMaterialUpdate":false,"showSkybox":true,"showFlares":true,"showImageEffects":true,"showParticleSystems":true},"in2DMode":false,"pivot":{"x":-0.8683319091796875,"y":-0.5205965042114258,"z":1.4054288864135743},"rotation":{"x":-0.22180677950382234,"y":-0.2413039654493332,"z":0.056754741817712787,"w":-0.9430551528930664},"size":34.971954345703128,"orthographic":false}