{"cameraMode":{"drawMode":0,"name":"Shaded","section":"Shading Mode"},"sceneLighting":false,"audioPlay":false,"sceneViewState":{"showFog":true,"showMaterialUpdate":false,"showSkybox":true,"showFlares":true,"showImageEffects":true,"showParticleSystems":true},"in2DMode":false,"pivot":{"x":58.39433288574219,"y":0.18034648895263673,"z":1.9630582332611085},"rotation":{"x":-0.21053743362426759,"y":0.7801206111907959,"z":-0.34278255701065066,"w":-0.47915127873420718},"size":3.067492961883545,"orthographic":false}