{"cameraMode":{"drawMode":0,"name":"Shaded","section":"Shading Mode"},"sceneLighting":false,"audioPlay":false,"sceneViewState":{"showFog":true,"showMaterialUpdate":false,"showSkybox":true,"showFlares":true,"showImageEffects":true,"showParticleSystems":true},"in2DMode":false,"pivot":{"x":114.11666107177735,"y":-231.0990753173828,"z":188.2406768798828},"rotation":{"x":-0.429734468460083,"y":0.019498856738209726,"z":-0.009282588958740235,"w":-0.9026970267295837},"size":570.1878051757813,"orthographic":false}