{"cameraMode":{"drawMode":0,"name":"Shaded","section":"Shading Mode"},"sceneLighting":false,"audioPlay":false,"sceneViewState":{"showFog":true,"showMaterialUpdate":false,"showSkybox":true,"showFlares":true,"showImageEffects":true,"showParticleSystems":true},"in2DMode":false,"pivot":{"x":289.41094970703127,"y":-158.2012939453125,"z":278.1825256347656},"rotation":{"x":0.24479493498802186,"y":0.06103061884641647,"z":-0.015441260300576687,"w":0.9675289988517761},"size":419.63653564453127,"orthographic":false}